<?xml version="1.0" encoding="UTF-8"?>
<project-private xmlns="http://www.netbeans.org/ns/project-private/1">
    <editor-bookmarks xmlns="http://www.netbeans.org/ns/editor-bookmarks/2" lastBookmarkId="0"/>
    <open-files xmlns="http://www.netbeans.org/ns/projectui-open-files/2">
        <group>
            <file>file:/C:/Users/Ivan%20Balandra/OneDrive%20-%20Universidad%20Nacional%20Mayor%20de%20San%20Marcos/FISI/Ciclos/7MO%20CICLO/VyV/sangre_BD/Fuentes/src/Controlador/ControladorEntidades.java</file>
            <file>file:/C:/Users/Ivan%20Balandra/OneDrive%20-%20Universidad%20Nacional%20Mayor%20de%20San%20Marcos/FISI/Ciclos/7MO%20CICLO/VyV/sangre_BD/Fuentes/src/Main/main.java</file>
            <file>file:/C:/Users/Ivan%20Balandra/OneDrive%20-%20Universidad%20Nacional%20Mayor%20de%20San%20Marcos/FISI/Ciclos/7MO%20CICLO/VyV/sangre_BD/Fuentes/src/Conexion/ConexionSQL.java</file>
        </group>
    </open-files>
</project-private>
